id,name,author,serial_number
1,The Hunger Games,Suzanne Collins,439023483
2,Harry Potter and the Philosopher's Stone,"J.K. Rowling, Mary GrandPré",439554934
3,Twilight,Stephenie Meyer,316015849
4,To Kill a Mockingbird,Harper Lee,61120081
5,The Great Gatsby,F. Scott Fitzgerald,743273567
6,The Fault in Our Stars,John Green,525478817
7,The Hobbit or There and Back Again,J.R.R. Tolkien,618260307
8,The Catcher in the Rye,J.D. Salinger,316769177
9,Angels & Demons ,Dan Brown,1416524797
10,Pride and Prejudice,Jane Austen,679783261
11,The Kite Runner ,Khaled Hosseini,1594480001
12,Divergent,Veronica Roth,62024035
13,Nineteen Eighty-Four,"George Orwell, Erich Fromm, Celâl Üster",451524934
14,Animal Farm: A Fairy Story,George Orwell,452284244
15,Het Achterhuis: Dagboekbrieven 14 juni 1942 - 1 augustus 1944,"Anne Frank, Eleanor Roosevelt, B.M. Mooyaart-Doubleday",553296981
16,Män som hatar kvinnor,"Stieg Larsson, Reg Keeland",307269752
17,Catching Fire,Suzanne Collins,439023491
18,Harry Potter and the Prisoner of Azkaban,"J.K. Rowling, Mary GrandPré, Rufus Beck",043965548X
19, The Fellowship of the Ring,J.R.R. Tolkien,618346252
20,Mockingjay,Suzanne Collins,439023513
21,Harry Potter and the Order of the Phoenix,"J.K. Rowling, Mary GrandPré",439358078
22,The Lovely Bones,Alice Sebold,316166685
23,Harry Potter and the Chamber of Secrets,"J.K. Rowling, Mary GrandPré",439064864
24,Harry Potter and the Goblet of Fire,"J.K. Rowling, Mary GrandPré",439139600
25,Harry Potter and the Deathly Hallows,"J.K. Rowling, Mary GrandPré",545010225
26,The Da Vinci Code,Dan Brown,307277674
27,Harry Potter and the Half-Blood Prince,"J.K. Rowling, Mary GrandPré",439785960
28,Lord of the Flies ,William Golding,140283331
29,An Excellent conceited Tragedie of Romeo and Juliet,"William Shakespeare, Robert           Jackson",743477111
30,Gone Girl,Gillian Flynn,297859382
31,The Help,Kathryn Stockett,399155341
32,Of Mice and Men ,John Steinbeck,142000671
33,Memoirs of a Geisha,Arthur Golden,739326228
34,Fifty Shades of Grey,E.L. James,1612130291
35,O Alquimista,"Paulo Coelho, Alan R. Clarke",61122416
36,The Giver,Lois Lowry,385732554
37,"The Lion, the Witch and the Wardrobe",C.S. Lewis,60764899
38,The Time Traveler's Wife,Audrey Niffenegger,965818675
39,A Game of Thrones,George R.R. Martin,553588486
40,"Eat, pray, love: one woman's search for everything across Italy, India and Indonesia",Elizabeth Gilbert,143038419
41,The Lightning Thief,Rick Riordan,786838655
42,Little Women,Louisa May Alcott,451529308
43,Jane Eyre,"Charlotte Brontë, Michael Mason",142437204
44,The Notebook,Nicholas Sparks,553816713
45,Life of Pi,Yann Martel,770430074
46,Water for Elephants,Sara Gruen,1565125606
47,The Book Thief,Markus Zusak,375831002
48,Fahrenheit 451,Ray Bradbury,307347974
49,"New Moon (Twilight, #2)",Stephenie Meyer,316160199
50,Where the Sidewalk Ends: The Poems and Drawings of Shel Silverstein,Shel Silverstein,60513039
51,City of Bones,Cassandra Clare,1416914285
52,Eclipse,Stephenie Meyer,316160202
53,Eragon,Christopher Paolini,375826696
54,The Hitchhiker's Guide to the Galaxy,Douglas Adams,345391802
55,Brave New World,Aldous Huxley,60929871
56,Breaking Dawn,Stephenie Meyer,031606792X
57,The Secret Life of Bees,Sue Monk Kidd,142001740
58,The Adventures of Huckleberry Finn,"Mark Twain, John Seelye, Guy Cardwell",142437174
59,Charlotte's Web,"E.B. White, Garth Williams, Rosemary Wells",64410935
60,The Curious Incident of the Dog in the Night-Time,Mark Haddon,1400032717
61,The Girl on the Train,Paula Hawkins,1594633665
62,Northern Lights,Philip Pullman,679879242
63,Wuthering Heights,"Emily Brontë, Richard J. Dunn",393978893
64,My Sister's Keeper,Jodi Picoult,743454537
65,"Slaughterhouse-Five, or The Children's Crusade: A Duty-Dance with Death ",Kurt Vonnegut Jr.,385333846
66,Gone with the Wind,Margaret Mitchell,446675539
67,A Thousand Splendid Suns,Khaled Hosseini,1594489505
68,The Perks of Being a Wallflower,Stephen Chbosky,671027344
69,Insurgent,Veronica Roth,7442912
70,Ender's Game,Orson Scott Card,812550706
71,"Frankenstein; or, The Modern Prometheus","Mary Wollstonecraft Shelley, Percy Bysshe Shelley, Maurice Hindle",141439475
72,The Shining,Stephen King,450040186
73,The Host,Stephenie Meyer,316068047
74,Looking for Alaska,John Green,142402516
75,,Helen Fielding,014028009X
76,Sense and Sensibility,"Jane Austen, Tony Tanner, Ros Ballaster",141439661
77,Holes,"Louis Sachar, Louis Sachar",439244196
78,The Devil Wears Prada,Lauren Weisberger,307275558
79,Ὀδύσσεια,"Homer, Robert Fagles, E.V. Rieu, Frédéric Mugler, Bernard Knox",143039954
80,Le Petit Prince,"Antoine de Saint-Exupéry, Richard Howard, Dom Marcos Barbosa, Melina Karakosta",156012197
81,The Glass Castle,Jeannette Walls,074324754X
82,Into the Wild,Jon Krakauer,385486804
83,A Tale of Two Cities,"Charles Dickens, Richard Maxwell, Hablot Knight Browne",141439602
84,Jurassic Park,Michael Crichton,030734813X
85,The Giving Tree,Shel Silverstein,60256656
86,A Time to Kill,John Grisham,385338600
87,Un di Velt Hot Geshvign,"Elie Wiesel, Marion Wiesel",374500010
88,Paper Towns,John Green,014241493X
89,The Princess Bride,William Goldman,345418263
90,The Outsiders,S.E. Hinton,014038572X
91,The Maze Runner,James Dashner,385737947
92,Freakonomics: A Rogue Economist Explores the Hidden Side of Everything,"Steven D. Levitt, Stephen J. Dubner",61234001
93,The Secret Garden,Frances Hodgson Burnett,517189607
94,Cien años de soledad,"Gabriel García Márquez, Gregory Rabassa",60531045
95,The Picture of Dorian Gray,"Oscar Wilde, Jeffrey Eugenides",375751513
96,Fifty Shades Freed,E.L. James,345803507
97,Dracula,"Bram Stoker, Nina Auerbach, David J. Skal",393970124
98,Flickan som lekte med elden,"Stieg Larsson, Reg Keeland",307269981
99,Fifty Shades Darker,E.L. James,1612130585
100,The Poisonwood Bible,Barbara Kingsolver,60786507
101,Me Talk Pretty One Day,David Sedaris,349113912
102,Where the Wild Things Are,Maurice Sendak,99408392
103,Le Comte de Monte-Cristo,"Alexandre Dumas, Robin Buss",140449264
104,The Road,Cormac McCarthy,307265439
105,Allegiant,Veronica Roth,7524277
106,Bossypants,Tina Fey,
107,A Walk to Remember,Nicholas Sparks,446693804
108,Confessions of a Shopaholic,Sophie Kinsella,440241413
109,Les Misérables,"Victor Hugo, Lee Fahnestock, Norman MacAfee",451525264
110,A Clash of Kings,George R.R. Martin,553381695
111,The Memory Keeper's Daughter,Kim Edwards,143037145
112,Me Before You,Jojo Moyes,670026603
113,Catch-22,Joseph Heller,684833395
114,Tuesdays with Morrie,"Mitch Albom, Saulius Dagys",751529818
115,Middlesex,Jeffrey Eugenides,312422156
116,The Adventures of Tom Sawyer,"Mark Twain, Guy Cardwell, John Seelye",143039563
117,A Wrinkle in Time,Madeleine L'Engle,440498058
118,The Joy Luck Club,Amy Tan,143038095
119,The Handmaid's Tale,Margaret Atwood,038549081X
120,The Sisterhood of the Traveling Pants,Ann Brashares,385729332
121,Lolita,"Vladimir Nabokov, Craig Raine",
122,Wicked: The Life and Times of the Wicked Witch of the West,"Gregory Maguire, Douglas Smith",60987103
123,The Firm,John Grisham,582418275
124,Room,Emma Donoghue,316098337
125,"The Tragicall Historie of Hamlet, Prince of Denmark","William Shakespeare, Richard Andrews, Rex Gibson",521618746
126,Dune,Frank Herbert,340839937
127,The Tipping Point: How Little Things Can Make a Big Difference,Malcolm Gladwell,316346624
128,Steve Jobs,Walter Isaacson,1451648537
129,One Flew Over the Cuckoo's Nest,Ken Kesey,451163966
130,The Old Man and the Sea,Ernest Hemingway,684830493
131,The Grapes of Wrath,John Steinbeck,142000663
132,The Five People You Meet in Heaven,Mitch Albom,1401308589
133,Anne of Green Gables,L.M. Montgomery,451528824
134,City of Glass,Cassandra Clare,1416914307
135,A Storm of Swords,George R.R. Martin,055357342X
136,Divine Secrets of the Ya-Ya Sisterhood,Rebecca Wells,006075995X
137,Outlander,Diana Gabaldon,440242940
138,The Scarlet Letter,"Nathaniel Hawthorne, Thomas E. Connolly, Nina Baym",142437263
139,Miss Peregrine’s Home for Peculiar Children,Ransom Riggs,1594744769
140,Luftslottet som sprängdes,"Stieg Larsson, Reg Keeland",030726999X
141,The Martian,Andy Weir,804139024
142,The Pillars of the Earth,Ken Follett,451207149
143,,Anthony Doerr,1476746583
144,"Unbroken: A World War II Story of Survival, Resilience, and Redemption",Laura Hillenbrand,1400064163
145,Deception Point,Dan Brown,671027387
146,The Goldfinch,Donna Tartt,316055433
147,Thirteen Reasons Why,Jay Asher,1595141715
148,Girl with a Pearl Earring,Tracy Chevalier,452287022
149,If I Stay,Gayle Forman,525421033
150,The Red Tent,Anita Diamant,312353766
151,The Sea of Monsters,Rick Riordan,786856866
152,Dear John,Nicholas Sparks,446528056
153,City of Ashes,Cassandra Clare,1416914293
154,The Tragedy of Macbeth,William Shakespeare,743477103
155,The Two Towers,J.R.R. Tolkien,618346260
156,Something Borrowed,Emily Giffin,031232118X
157,Green Eggs and Ham,"Dr. Seuss, לאה נאור",394800168
158,Charlie and the Chocolate Factory,"Roald Dahl, Quentin Blake",142403881
159,The Battle of the Labyrinth,Rick Riordan,1423101464
160,Great Expectations,Charles Dickens,192833596
161,The Return of the King,J.R.R. Tolkien,345339738
162,L’Étranger,"Albert Camus, Matthew    Ward",
163,The Lost Hero,Rick Riordan,142311339X
164,Eleanor & Park,Rainbow Rowell,1250012570
165,A Feast for Crows,George R.R. Martin,055358202X
166,Matched,Ally Condie,525423648
167,American Gods,Neil Gaiman,747263744
168,The Stand,"Stephen King, Bernie Wrightson",385199570
169,The Last Song,Nicholas Sparks,446547565
170,Digital Fortress,Dan Brown,552151696
171,Emma,"Jane Austen, Fiona Stafford",141439580
172,Анна Каренина,"Leo Tolstoy, Louise Maude, Leo Tolstoj, Aylmer Maude",345803922
173,A Clockwork Orange,Anthony Burgess,393312836
174,The Shack: Where Tragedy Confronts Eternity,William Paul Young,964729237
175,The Last Olympian,Rick Riordan,739380338
176,It,Stephen King,451169514
177,Преступление и наказание,"Fyodor Dostoyevsky, David McDuff",143058142
178,The Bell Jar,Sylvia Plath,61148512
179,Angela's Ashes: A Memoir,Frank McCourt,7205236
180,Siddhartha,"Hermann Hesse, Hilda Rosner",553208845
181,In Cold Blood,Truman Capote,679745580
182,Beautiful Creatures,"Kami Garcia, Margaret Stohl",316042676
183,Clockwork Angel,Cassandra Clare,1416975861
184,Matilda,"Roald Dahl, Quentin Blake",141301066
185,The Night Circus,Erin Morgenstern,385534639
186,The Other Boleyn Girl,Philippa Gregory,743227441
187,Uglies,Scott Westerfeld,689865384
188,A Dance with Dragons,George R.R. Martin,
189,The Lord of the Rings,J.R.R. Tolkien,618640150
190,Wild: From Lost to Found on the Pacific Crest Trail ,Cheryl Strayed,307592731
191,Watchmen,"Alan Moore, Dave Gibbons, John Higgins",930289234
192,The Name of the Wind,Patrick Rothfuss,075640407X
193,Outliers: The Story of Success,Malcolm Gladwell,316017922
194,"Moby Dick; or, The Whale","Herman Melville, Andrew Delbanco, Tom Quirk",142437247
195,The Guernsey Literary and Potato Peel Pie Society,"Mary Ann Shaffer, Annie Barrows",385340990
196,Fight Club,Chuck Palahniuk,393327345
197,Dead Until Dark,Charlaine Harris,441008534
198,The Color Purple,Alice Walker,671727796
199,Marley & Me: Life and Love with the World's Worst Dog,John Grogan,739461192
200,Ten Little Niggers,Agatha Christie,312330871
201,The Lost Symbol,Dan Brown,385504225
202,"Hush, Hush",Becca Fitzpatrick,1416989412
203,Beautiful Disaster,Jamie McGuire,
204,A Christmas Carol,Charles Dickens,1561797464
205,Interview with the Vampire,Anne Rice,345476875
206,The Selection,Kiera Cass,62059939
207,One for the Money,Janet Evanovich,312362080
208,The Immortal Life of Henrietta Lacks,Rebecca Skloot,1400052173
209,The Silence of the Lambs,Thomas Harris,99446782
210,,Richelle Mead,159514174X
211,Blink: The Power of Thinking Without Thinking,Malcolm Gladwell,316010669
212,Atonement,Ian McEwan,038572179X
213,Die Verwandlung,"Franz Kafka, Stanley Corngold",553213695
214,The Titan's Curse,Rick Riordan,141382899
215,,Ernest Cline,030788743X
216,The Art of Racing in the Rain,Garth Stein,1554681723
217,"The Devil in the White City: Murder, Magic, and Madness at the Fair that Changed America","Erik Larson, Tony Goldwyn",739303406
218,Bared to You,Sylvia Day,425263908
219,The Chronicles of Narnia,"C.S. Lewis, Pauline Baynes",66238501
220,Twilight: The Complete Illustrated Movie Companion,Mark Cotta Vaz,316043133
221,"A Child Called ""It"": One Child's Courage to Survive",Dave Pelzer,1558743669
222,The Bourne Identity,Robert Ludlum,752864327
223,Artemis Fowl,Eoin Colfer,786817879
224,Fallen,Lauren Kate,385738935
225,East of Eden  ,John Steinbeck,142000655
226,Dark Places,Gillian Flynn,307341569
227,The Client,John Grisham,385339089
228,The Nanny Diaries,"Emma McLaughlin, Nicola Kraus",312291639
229,Alice's Adventures in Wonderland,"Lewis Carroll, John Tenniel, Martin Gardner",451527747
230,Persuasion,"Jane Austen, James Kinsley, Deidre Shauna Lynch",192802631
231,Elle s'appelait Sarah,Tatiana de Rosnay,312370830
232,The Gunslinger,Stephen King,452284694
233,El amor en los tiempos del cólera,"Gabriel García Márquez, Edith Grossman",140003468X
234,Speak,Laurie Halse Anderson,014131088X
235,The Husband's Secret ,Liane Moriarty,399159347
236,Into Thin Air: A Personal Account of the Mt. Everest Disaster,Jon Krakauer,385494785
237,Carrie,Stephen King,1416524304
238,Running with Scissors,Augusten Burroughs,031242227X
239,World War Z: An Oral History of the Zombie War,Max Brooks,307346609
240,Inferno,Dan Brown,385537859
241,Number the Stars,Lois Lowry,440227534
242,Along Came a Spider,James Patterson,446692638
243,Misery,Stephen King,450417395
244,Sharp Objects,Gillian Flynn,307341542
245,Bridge to Terabithia,Katherine Paterson,439366771
246,Marked,"P.C. Cast, Kristin Cast",312360266
247,The 7 Habits of Highly Effective People,Stephen R. Covey,743269519
248,A Midsummer Night's Dream,"William Shakespeare, Barbara A. Mowat, Paul Werstine, Catherine Belsey",743477545
249,Extremely Loud and Incredibly Close,Jonathan Safran Foer,618711651
250,Wonder,R.J. Palacio,375869026
251,The Cat in the Hat,Dr. Seuss,039480001X
252,Cinder,Marissa Meyer,312641893
253,The Cuckoo's Calling,"Robert Galbraith, J.K. Rowling",316206849
254,Shiver,Maggie Stiefvater,545123267
255,Atlas Shrugged,"Ayn Rand, Leonard Peikoff",452011876
256,Three Cups of Tea ,"Greg Mortenson, David Oliver Relin",143038257
257,,"Jane Carruth, Lewis Carroll, Rene Cloke",517223627
258,La sombra del viento,"Carlos Ruiz Zafón, Lucia Graves",143034901
259,The Scorch Trials,James Dashner,385738757
260,How to Win Friends and Influence People,Dale Carnegie,
261,Under the Tuscan Sun,Frances Mayes,767900383
262,Big Little Lies,Liane Moriarty,399167064
263,Ella Enchanted,Gail Carson Levine,590920685
264,The Sun Also Rises,Ernest Hemingway,743297334
265,A Tree Grows In Brooklyn ,Betty  Smith,61120073
266,Kiss the Girls,James Patterson,446677388
267,The Nightingale,Kristin Hannah,312577222
268,Never Let Me Go,Kazuo Ishiguro,1400078776
269,"PS, I Love You",Cecelia Ahern,786890754
270,Rebecca,"Daphne du Maurier, Sally Beauman",1844080382
271,Flowers for Algernon,Daniel Keyes,156030306
272,Como agua para chocolate,"Laura Esquivel, Thomas  Christensen, Carol Christensen",552995878
273,Snow Flower and the Secret Fan,Lisa See,812968069
274,The Godfather,"Mario Puzo, Robert Thompson, Peter Bart",451205766
275,An Abundance of Katherines,John Green,525476881
276,Foundation,Isaac Asimov,553803719
277,The Ocean at the End of the Lane,Neil Gaiman,62255657
278,A Light in the Attic,Shel Silverstein,60513063
279,"Harry Potter and the Cursed Child, Parts One and Two","John Tiffany, Jack Thorne, J.K. Rowling",751565350
280,Delirium,Lauren Oliver,61726834
281,The Pelican Brief,John Grisham,385339704
282,Coraline,Neil Gaiman,61139378
283,"Good Omens: The Nice and Accurate Prophecies of Agnes Nutter, Witch","Terry Pratchett, Neil Gaiman",60853980
284,On the Road,Jack Kerouac,140042598
285,The Rosie Project,Graeme Simsion,1476729085
286,The Lucky One,Nicholas Sparks,446579939
287,The Fountainhead,"Ayn Rand, Leonard Peikoff",451191153
288,The Hunt for Red October,Tom Clancy,425172902
289,Watership Down,Richard Adams,038039586X
290,Is Everyone Hanging Out Without Me? (And Other Concerns),Mindy Kaling,307886263
291,Cutting for Stone,Abraham Verghese,375414495
292,The Voyage of the Dawn Treader,"C.S. Lewis, Pauline Baynes",006112527X
293,Treasure Island,Robert Louis Stevenson,753453800
294,The Son of Neptune ,Rick Riordan,1423140591
295,11/22/63,Stephen King,1451627289
296,The Very Hungry Caterpillar,Eric Carle,241003008
297,Cat's Cradle,Kurt Vonnegut Jr.,140285601
298,The Time Machine,"H.G. Wells, Greg Bear, Carlo Pagetti",451528557
299,,"Todd Burpo, Lynn Vincent",849946158
300,The Boy in the Striped Pyjamas,John Boyne,385751060
301,Heart of Darkness,Joseph Conrad,1892295490
302,Safe Haven,Nicholas Sparks,044654759X
303,The Secret,Rhonda Byrne,1582701709
304,I Know This Much Is True ,Wally Lamb,60987561
305,Pet Sematary,Stephen King,1416524347
306,She's Come Undone,Wally Lamb,671021001
307,The Wise Man's Fear,Patrick Rothfuss,756404738
308,Can You Keep a Secret?,Sophie Kinsella,440241901
309,City of Fallen Angels,Cassandra Clare,1442403543
310,Good in Bed,Jennifer Weiner,743418174
311,The Thorn Birds,Colleen McCullough,380018179
312,The Graveyard Book,"Neil Gaiman, Dave McKean",60530928
313,The Light Between Oceans,M.L. Stedman,1451681739
314,Tintenherz,"Cornelia Funke, Anthea Bell",439709105
315,Who Moved My Cheese?,"Spencer Johnson, Kenneth H. Blanchard",91883768
316,A Walk in the Woods,Bill Bryson,307279464
317,I Know Why the Caged Bird Sings,Maya Angelou,553279378
318,Orphan Train,Christina Baker Kline,61950726
319,City of Lost Souls,Cassandra Clare,1442416866
320,"Where'd You Go, Bernadette",Maria Semple,316204277
321,Where the Red Fern Grows,Wilson Rawls,375806814
322,Neverwhere,Neil Gaiman,60557818
323,Nesnesitelná lehkost bytí,"Milan Kundera, Michael Henry Heim",571224385
324,,Rainbow Rowell,
325,A Prayer for Owen Meany,John Irving,552135399
326,White Oleander,Janet Fitch,316182540
327,Legend,Marie Lu,039925675X
328,Nineteen Minutes,Jodi Picoult,743496728
329,The Last Lecture,"Randy Pausch, Jeffrey Zaslow",1401323251
330,The Eye of the World,Robert Jordan,812511816
331,The Pact,Jodi Picoult,61150142
332,The magician's nephew,C.S. Lewis,60764902
333,Still Alice,Lisa Genova,595440096
334,Reflected in You,Sylvia Day,425263916
335,James and the Giant Peach,"Roald Dahl, Quentin Blake",375814248
336,1st To Die,James Patterson,446696617
337,The Ultimate Hitchhiker's Guide: Five Complete Novels and One Story,Douglas Adams,345453743
338,One Day,David Nicholls,340896965
339,,"Margaret Wise Brown, Clement Hurd",60775858
340,I Am Number Four,Pittacus Lore,61969559
341,Ἰλιάς,"Homer, Robert Fagles, Frédéric Mugler, Bernard Knox",140275363
342,The Casual Vacancy,J.K. Rowling,316228532
343,The Runaway Jury,John Grisham,385339690
344,Naked,David Sedaris,316777730
345,Eldest,Christopher Paolini,375840400
346,The Wonderful Wizard of Oz,"L. Frank Baum, W.W. Denslow",140621679
347,Prince Caspian: The Return to Narnia,C.S. Lewis,000720230X
348,We Were Liars,E. Lockhart,
349,Salem's Lot,Stephen King,450031063
350,Fear and Loathing in Las Vegas: A Savage Journey to the Heart of the American Dream,"Hunter S. Thompson, Ralph Steadman",679785892
351,Clockwork Prince,Cassandra Clare,1416975888
352,Yes Please,Amy Poehler,62268341
353,"The Tragedy of Othello, The Moor of Venice",William Shakespeare,743477553
354,Beloved,Toni Morrison,1400033411
355,Graceling,Kristin Cashore,015206396X
356,The Bad Beginning,"Lemony Snicket, Brett Helquist",439206472
357,Im Westen nichts Neues,"Erich Maria Remarque, A.W. Wheen",449213943
358,"Oh, the Places You'll Go!",Dr. Seuss,679805273
359,And The Mountains Echoed,Khaled Hosseini,159463176X
360,Do Androids Dream of Electric Sheep?,"Philip K. Dick, Roger Zelazny",345404475
361,Oliver Twist,"Charles Dickens, George Cruikshank, Philip Horne",141439742
362,A Grief Observed,C.S. Lewis,60652896
363,Anna and the French Kiss,Stephanie Perkins,525423273
364,How the Grinch Stole Christmas!,Dr. Seuss,7173040
365,V for Vendetta,"Alan Moore, David   Lloyd",1401207928
366,John Adams,David McCullough,743223136
367,Odd Thomas,Dean Koontz,553384287
368,The Subtle Knife,Philip Pullman,679879250
369,Stargirl,Jerry Spinelli,439488400
370,The Red Pyramid,Rick Riordan,1423113381
371,Stranger in a Strange Land,Robert A. Heinlein,441788386
372,Dress Your Family in Corduroy and Denim,David Sedaris,965904830
373,The BFG,"Roald Dahl, Quentin Blake",141311371
374,A Short History of Nearly Everything,Bill Bryson,076790818X
375,The Call of the Wild,Jack London,439227143
376,The Death Cure,James Dashner,385738773
377,Stardust,Neil Gaiman,61142026
378,The Namesake,Jhumpa Lahiri,618485228
379,A Discovery of Witches,Deborah Harkness,670022411
380,ノルウェイの森 [Noruwei no Mori],"Haruki Murakami, Jay Rubin",375704027
381,Where the Heart Is,Billie Letts,446672211
382,"Will Grayson, Will Grayson","John Green, David Levithan",525421580
383,A Million Little Pieces,James Frey,307276902
384,Frostbite,Richelle Mead,1595141758
385,Quiet: The Power of Introverts in a World that Can't Stop Talking,Susan Cain,307352145
386,Island of the Blue Dolphins,Scott O'Dell,440439884
387,The Crucible,"Arthur Miller, Christopher Bigsby",142437336
388,Hatchet,Gary Paulsen,689840926
389,Mistborn : The Final Empire,Brandon Sanderson,076531178X
390,The Strange Case of Dr Jekyll and Mr Hyde,"Robert Louis Stevenson, Vladimir Nabokov, Mervyn Peake, Dan Chaon",451528956
391,The Lorax,Dr. Seuss,679889108
392,Greg Heffley's Journal,Jeff Kinney,810993139
393,Throne of Glass,Sarah J. Maas,1599906953
394,Shadow Kiss,Richelle Mead,1595141979
395,For Whom the Bell Tolls,Ernest Hemingway,684803356
396,Hotel on the Corner of Bitter and Sweet,Jamie Ford,345505336
397,Das Parfum. Die Geschichte eines Mörders,"Patrick Süskind, John E. Woods",140120831
398,Fast Food Nation : The Dark Side of the All-American Meal ,Eric Schlosser,60838582
399,The Tales of Beedle the Bard,J.K. Rowling,747599874
400,Neuromancer,William Gibson,441569595
401,A Farewell to Arms,Ernest Hemingway,99910101
402,The Tell-Tale Heart,Edgar Allan Poe,553212281
403,孫子兵法 [Sūnzi bīngfǎ],"Sun Tzu, Thomas Cleary",1590302257
404,Defending Jacob,William Landay,385344228
405,Breakfast of Champions,Kurt Vonnegut Jr.,385334206
406,Drawing on the Right Side of the Brain,Betty Edwards,874774241
407,Bel Canto,Ann Patchett,60838728
408,"Guns, Germs, and Steel: The Fates of Human Societies",Jared Diamond,739467352
409,Fried Green Tomatoes at the Whistle Stop Cafe,Fannie Flagg,375508414
410,Things Fall Apart,Chinua Achebe,385474547
411,The Undomestic Goddess,Sophie Kinsella,385338694
412,The Five Love Languages: How to Express Heartfelt Commitment to Your Mate,Gary Chapman,1881273156
413,Les Trois Mousquetaires,Alexandre Dumas,
414,The Other Hand,Chris Cleave,1416589643
415,Evermore,Alyson Noel,031253275X
416,The Witches,"Roald Dahl, Quentin Blake",590032496
417,The Thirteenth Tale,Diane Setterfield,743298020
418,Spirit Bound,Richelle Mead,1595142509
419,Blood Promise,Richelle Mead,1595141987
420,Message in a Bottle,Nicholas Sparks,446676071
421,The Paris Wife,Paula McLain,345521307
422,Complete Harry Potter Boxed Set,J.K. Rowling,545044251
423,The Elite,Kiera Cass,62059963
424,Il nome della rosa,"Umberto Eco, William Weaver, Seán Barrett",156001314
425,Go Ask Alice,"Beatrice Sparks, Anonymous",1416914633
426,A Confederacy of Dunces,"John Kennedy Toole, Walker Percy",802130208
427,The Importance of Being Earnest,Oscar Wilde,158049580X
428,The Mark of Athena,Rick Riordan,1423140605
429,The Colour of Magic,Terry Pratchett,60855924
430,海辺のカフカ [Umibe no Kafuka],"Haruki Murakami, Philip Gabriel",1400079276
431,Red Dragon,Thomas Harris,525945563
432,"I, Robot",Isaac Asimov,553803700
433,Dark Lover,J.R. Ward,451216954
434,Crescendo,Becca Fitzpatrick,1416989439
435,Before I Fall,Lauren Oliver,61726818
436,The God of Small Things,Arundhati Roy,679457313
437,The Invention of Wings,Sue Monk Kidd,670024783
438,What Alice Forgot,Liane Moriarty,141043768
439,A Brief History of Time: From the Big Bang to Black Holes,"Stephen Hawking, Cao Chi, Phạm Văn Thiều",553380168
440,Fall of Giants,Ken Follett,525951652
441,Under the Dome,Stephen King,1439148503
442,Snow Crash,Neal Stephenson,553380958
443,Just Listen,Sarah Dessen,670061050
444,Winnie-the-Pooh,"A.A. Milne, Ernest H. Shepard",525467564
445,Before I Go to Sleep,S.J. Watson,62060554
446,A Study in Scarlet,Arthur Conan Doyle,1420925539
447,Brisingr,Christopher Paolini,375826726
448,The Purpose Driven Life: What on Earth am I Here For?,Rick Warren,310276993
449,Betrayed: a House of Night Novel,"P.C. Cast, Kristin Cast",312360282
450,Storm Front,Jim Butcher,451457811
451,Northanger Abbey,"Jane Austen, Alfred MacAdam",1593082649
452,The 5th Wave,Rick Yancey,399162410
453,Cold Mountain,Charles Frazier,802142842
454,If You Give a Mouse a Cookie,"Laura Joffe Numeroff, Felicia Bond",60245867
455,Something Blue,Emily Giffin,312323867
456,A Streetcar Named Desire,Tennessee Williams,822210894
457,The Historian,Elizabeth Kostova,751537284
458,Station Eleven,Emily St. John Mandel,385353308
459,En man som heter Ove,"Fredrik Backman, Henning Koch",1476738017
460,Clockwork Princess,Cassandra Clare,1406321346
461,The Good Earth,Pearl S. Buck,1416500189
462,Ways of Seeing,John Berger,140135154
463,Dragonfly in Amber,Diana Gabaldon,385335970
464,,Anonymous,
465,In Her Shoes,Jennifer Weiner,743495667
466,The Hobbit,"Chuck Dixon, J.R.R. Tolkien, David Wenzel, Sean Deming",345368584
467,The Brief Wondrous Life of Oscar Wao,Junot Díaz,1594489580
468,Their Eyes Were Watching God,Zora Neale Hurston,61120065
469,Fantastic Beasts and Where to Find Them,"Newt Scamander, J.K. Rowling, Albus Dumbledore",439321603
470,I Am Malala: The Girl Who Stood Up for Education and Was Shot by the Taliban,"Malala Yousafzai, Christina Lamb",316322407
471,Mansfield Park,"Jane Austen, Kathryn Sutherland, Tony Tanner, Claire Lamont",141439807
472,…trotzdem Ja zum Leben sagen: Ein Psychologe erlebt das Konzentrationslager,Viktor E. Frankl,080701429X
473,In the Woods,Tana French,670038601
474,The God Delusion,Richard Dawkins,618680004
475,Where She Went,Gayle Forman,525422943
476,The World According to Garp,John Irving,345915593
477,Killing Floor,Lee Child,515141429
478,"The Life and Strange Surprising Adventures of Robinson Crusoe of York, Mariner","Daniel Defoe, Gerald McCann, Virginia Woolf",375757325
479,Il Principe,"Niccolò Machiavelli, Adolph Caso, Rufus Goodwin, Benjamin Martinez",937832383
480,The Amber Spyglass,Philip Pullman,440238153
481,Wizard's First Rule,Terry Goodkind,765346524
482,The Kitchen House,Kathleen Grissom,1439153663
483,Franny and Zooey,J.D. Salinger,316769029
484,Choke,Chuck Palahniuk,385720920
485,Братья Карамазовы,"Fyodor Dostoyevsky, Richard Pevear, Larissa Volokhonsky",374528373
486,The City of Ember,Jeanne DuPrau,375822747
487,The Andromeda Strain,Michael Crichton,60541814
488,The Green Mile,Stephen King,451933028
489,The Prophet,Kahlil Gibran,000100039X
490,Maus: A Survivor's Tale : My Father Bleeds History,Art Spiegelman,394541553
491,Untamed: A House of Night Novel,"P.C. Cast, Kristin Cast",312379838
492,Speaker for the Dead,Orson Scott Card,812550757
493,Mere Christianity,C.S. Lewis,684823780
494,The Secret History,Donna Tartt,1400031702
495,A Heartbreaking Work of Staggering Genius,Dave Eggers,375725784
496,The Clan of the Cave Bear,Jean M. Auel,553381679
497,Black Beauty,Anna Sewell,439228905
498,Война и миръ,"Leo Tolstoy, Henry Gifford, Aylmer Maude, Louise Maude",192833987
499,American Psycho,Bret Easton Ellis,679735771
500,The Princess Diaries,Meg Cabot,613371658
501,The No. 1 Ladies' Detective Agency ,Alexander McCall Smith,1400034779
502,"The Walking Dead, Vol. 1: Days Gone Bye","Robert Kirkman, Tony Moore",1582406723
503,2001: A Space Odyssey,Arthur C. Clarke,451457994
504,,Francine Rivers,1590525132
505,Left Behind:  A Novel of the Earth's Last Days,"Tim LaHaye, Jerry B. Jenkins",842342702
506,The One,Kiera Cass,62059998
507,The Hunger Games Box Set,Suzanne Collins,545265355
508,Nickel and Dimed: On (Not) Getting By in America,Barbara Ehrenreich,805063897
509,Remember Me?,Sophie Kinsella,593053893
510,The Great Hunt,Robert Jordan,812517725
511,Post-Mortem:  A Mystery Introducing Dr. Kay Scarpetta,Patricia Cornwell,743477154
512,The Complete Tales of Edgar Allan Poe,Edgar Allan Poe,385074077
513,The Hiding Place,"Corrie ten Boom, John Sherrill, Elizabeth Sherrill",553256696
514,The Adventures of Sherlock Holmes,Arthur Conan Doyle,192835084
515,The Prince of Tides,Pat Conroy,553381547
516,The Amazing Adventures of Kavalier & Clay,Michael Chabon,312282990
517,Perfect Chemistry,Simone Elkeles,802798233
518,Peter Pan,"J.M. Barrie, Michael Hague",805072454
519,Pretties,Scott Westerfeld,689865392
520,ねじまき鳥クロニクル [Nejimakidori kuronikuru],"Haruki Murakami, Jay Rubin",965341984
521,The Lincoln Lawyer ,Michael Connelly,739465511
522,Cloud Atlas,David Mitchell,375507256
523,The Things They Carried,Tim O'Brien,767902890
524,Wall and Piece,Banksy,1844137872
525,Pandemonium,Lauren Oliver,006197806X
526,Darkly Dreaming Dexter,Jeff Lindsay,307277887
527,Living Dead in Dallas,Charlaine Harris,1841493007
528,The Dragon Reborn ,Robert Jordan,765305119
529,Gulliver’s Travels,"Jonathan Swift, Robert DeMaria Jr.",141439491
530,Much Ado About Nothing,"William Shakespeare, Barbara A. Mowat, Paul Werstine, Gail Kern Paster, Robert          Jackson",743482751
531,Beowulf,"Unknown, Seamus Heaney",393320979
532,Batman: Year One,"Frank Miller, David Mazzucchelli, Richmond Lewis, Dennis O'Neil",1401207529
533,Go Set a Watchman,Harper Lee,62409859
534,When You Are Engulfed in Flames,David Sedaris,316143472
535,Daughter of Smoke & Bone,Laini Taylor,316134023
536,Red Queen,Victoria Aveyard,1409151174
537,The Power of Habit,Charles Duhigg,1400069289
538,Midnight in the Garden of Good and Evil,John Berendt,679751521
539,Hopeless,Colleen Hoover,1301949825
540,A Little Princess,"Frances Hodgson Burnett, Nancy Bond",142437018
541,The Truth About Forever,Sarah Dessen,142406252
542,The horse and his boy,C.S. Lewis,439861365
543,Last Sacrifice ,Richelle Mead,1595143068
544,Little House on the Prairie,"Laura Ingalls Wilder, Garth Williams",64400026
545,The Velveteen Rabbit,"Margery Williams Bianco, William   Nicholson",380002558
546,Zen and the Art of Motorcycle Maintenance,Robert M. Pirsig,60589469
547,The War of the Worlds,"H.G. Wells, Arthur C. Clarke",375759239
548,Pretty Little Liars,Sara Shepard,60887303
549,Corduroy,Don Freeman,670241334
550,The Omnivore's Dilemma,Michael Pollan,1594200823
551,Life After Life,Kate Atkinson,316176486
552,The Rescue,Nicholas Sparks,446696129
553,Needful Things,Stephen King,045057458X
554,Voyager,Diana Gabaldon,385335997
555,,"Kenneth Branagh, William Shakespeare",393315053
556,Cujo,Stephen King,307348245
557,The Virgin Suicides,Jeffrey Eugenides,747560595
558,Dead to the World,Charlaine Harris,441012183
559,Tess of the d'Urbervilles: A Pure Woman Faithfully Presented,"Thomas Hardy, Tim Dolin, Margaret R. Higonnet",141439599
560,Madame Bovary,"Gustave Flaubert, Margaret Mauldon, Malcolm Bowie, Mark Overstall",192840398
561,The Phantom Tollbooth,"Norton Juster, Jules Feiffer",394820371
562,The Way of Kings,Brandon Sanderson,765326353
563,Club Dead,Charlaine Harris,1841493015
564,It's Kind of a Funny Story,Ned Vizzini,078685197X
565,,Brandon Sanderson,765316889
566,After You,Jojo Moyes,
567,The Language of Flowers,Vanessa Diffenbaugh,034552554X
568,Batman: The Dark Knight Returns,"Frank Miller, Klaus Janson, Lynn Varley",156389341X
569,The Angel Experiment,James Patterson,446617792
570,High Fidelity,Nick Hornby,1573225517
571,The Guardian,Nicholas Sparks,446696110
572,Oryx and Crake,Margaret Atwood,385721676
573,"Men Are from Mars, Women Are from Venus Book of Days: 365 Inspirations to Enrich Your Relationships",John Gray,60574216
574,Kitchen Confidential: Adventures in the Culinary Underbelly,Anthony Bourdain,60899220
575,Timeline,Michael Crichton,99244721
576,Candide,Voltaire,486266893
577,Tuck Everlasting,Natalie Babbitt,374480095
578,Christine,"Stephen King, Marie Milpois",2253147699
579,Are You My Mother?,P.D. Eastman,1713221
580,The Story of Art,E.H. Gombrich,071483355X
581,Scarlet,Marissa Meyer,312642962
582,"Rich Dad , Poor Dad",Robert T. Kiyosaki,751532711
583,Silence ,Becca Fitzpatrick,1442426640
584,The Magicians,Lev Grossman,670020559
585,デスノート #1 (Desu Nōto) Taikutsu (退屈),"Tsugumi Ohba, Takeshi Obata",1421501686
586,A Great and Terrible Beauty,Libba Bray,689875347
587,Everything Is Illuminated,Jonathan Safran Foer,60529709
588,The Bourne Supremacy,Robert Ludlum,752863886
589,Easy,Tammara Webber,425266745
590,David Copperfield,"Charles Dickens, Jeremy Tambling",140439447
591,The Absolutely True Diary of a Part-Time Indian,"Sherman Alexie, Ellen Forney",316013684
592,Мастер и Маргарита,"Mikhail Bulgakov, Katherine Tiernan O'Connor, Diana Burgin, Ellendea Proffer",679760806
593,A Wizard of Earthsea,Ursula K. Le Guin,553383043
594,Because of Winn-Dixie,"Kate DiCamillo, Chris Sheban",763616052
595,A Separate Peace,John Knowles,743253973
596,The Rainmaker,John Grisham,385339607
597,Don Quijote de La Mancha,"Miguel de Cervantes Saavedra, Roberto González Echevarría, John Rutherford",142437239
598,Assassin's Apprentice,Robin Hobb,6480098
599,The Restaurant at the End of the Universe,Douglas Adams,345418921
600,Torment,Lauren Kate,385739141
601,The Tale of Peter Rabbit,Beatrix Potter,723247706
602,The Silver Chair,"C.S. Lewis, Pauline Baynes",64405044
603,The Hero of Ages,Brandon Sanderson,765316897
604,"Girl, Interrupted",Susanna Kaysen,679746048
605,"Are You There, Vodka? It's Me, Chelsea",Chelsea Handler,61173398
606,Jonathan Livingston Seagull,"Richard Bach, Russell Munson",743278909
607,City of Heavenly Fire,Cassandra Clare,1481426303
608,Love You Forever,"Robert Munsch, Sheila McGraw",920668372
609,Cell,Stephen King,1416524517
610,The Boys in the Boat: Nine Americans and Their Epic Quest for Gold at the 1936 Berlin Olympics,Daniel James Brown,067002581X
611,The Silmarillion,"J.R.R. Tolkien, Christopher Tolkien, Ted Nasmith",618391118
612,The Drawing of the Three,Stephen King,451210859
613,The Forgotten Garden,Kate Morton,330449605
614,Der Prozeß,"Franz Kafka, Edwin Muir, Willa Muir, Max Brod",99428644
615,This Lullaby,Sarah Dessen,142501557
616,Plain Truth,Jodi Picoult,743275012
617,Orange Is the New Black: My Year in a Women's Prison,Piper Kerman,385523386
618,The Hound of the Baskervilles,"Arthur Conan Doyle, Anne Perry",451528018
619,"Thinking, Fast and Slow",Daniel Kahneman,374275637
620,The Mists of Avalon,Marion Zimmer Bradley,345350499
621,"Are You There God? It's Me, Margaret",Judy Blume,689841582
622,Nights in Rodanthe,Nicholas Sparks,446612707
623,Mr. Mercedes,Stephen King,1476754454
624,All Together Dead,Charlaine Harris,441014941
625,Midwives,Chris Bohjalian,375706771
626,The Polar Express,Chris Van Allsburg,395389496
627,The True Story of the Three Little Pigs,"Jon Scieszka, Lane Smith",140544518
628,Patriot Games,Tom Clancy,425134350
629,Veronika decide morrer,"Paulo Coelho, Margaret Jull Costa",61124265
630,"Lean In: Women, Work, and the Will to Lead","Sheryl Sandberg, Nell Scovell",385349947
631,Dead as a Doornail ,Charlaine Harris,441013333
632,"Shatter Me (Shatter Me, #1)",Tahereh Mafi,62085484
633,Starship Troopers,Robert A. Heinlein,441783589
634,I've Got Your Number,Sophie Kinsella,385342063
635,Sofies Verden,"Jostein Gaarder, Paulette Møller",1857993284
636,,Mark Cotta Vaz,316134112
637,The Martian Chronicles,Ray Bradbury,553278223
638,A Visit From the Goon Squad,Jennifer Egan,307592839
639,Heidi,"Johanna Spyri, Angelo  Rinaldi, Beverly Cleary",753454947
640,Prey,Michael Crichton,61015725
641,The Last Battle,C.S. Lewis,7202326
642,World Without End,Ken Follett,525950079
643,Chosen: A House of Night Novel,"P.C. Cast, Kristin Cast",312360304
644,Slammed,Colleen Hoover,
645,"Beastly (Beastly, #1, Kendra Chronicles, #1)",Alex Flinn,60874163
646,Tales of Caunterbury,"Geoffrey Chaucer, Nevill Coghill",140424385
647,Baby Proof,Emily Giffin,312348649
648,Inheritance,Christopher Paolini,375856110
649,いちきゅうはちよん [Ichi-Kyū-Hachi-Yon],"Haruki Murakami, Jay Rubin, Philip Gabriel",307593312
650,Uncle Tom's Cabin or Life Among the Lowly,Harriet Beecher Stowe,1840224029
651,Le Fantôme de l'Opéra,"Gaston Leroux, Alexander Teixeira de Mattos",60809248
652,"Definitely Dead (Sookie Stackhouse, #6)",Charlaine Harris,441014917
653,Ensaio Sobre a Cegueira,"José Saramago, Giovanni Pontiero",156007754
654,Freedom,Jonathan Franzen,374158460
655,Crossed,Ally Condie,142421715
656,"I'd Tell You I Love You, But Then I'd Have to Kill You",Ally Carter,1423100034
657,The White Tiger,Aravind Adiga,1416562591
658,The Corrections,Jonathan Franzen,1841156736
659,Dreams from My Father,Barack Obama,1921351438
660,Congo,Michael Crichton,60541830
661,"Alexander and the Terrible, Horrible, No Good, Very Bad Day","Judith Viorst, Ray Cruz",689711735
662,Interpreter of Maladies,Jhumpa Lahiri,618101365
663,A People's History of the United States: 1492 to Present ,Howard Zinn,60838655
664,Breakfast at Tiffany's,Truman Capote,679745653
665,The Passage,Justin Cronin,345504968
666,Anansi Boys,Neil Gaiman,60515198
667,Along for the Ride,Sarah Dessen,670011940
668,Everything I Never Told You,Celeste Ng,159420571X
669,La casa de los espíritus,"Isabel Allende, Magda Bogin",553383809
670,The Dead Zone,Stephen King,451155750
671,The Mysterious Affair at Styles,"Agatha Christie, Ροζίτα Σώκου",646418432
672,Murder in the Calais Coach,Agatha Christie,425200450
673,Americanah,Chimamanda Ngozi Adichie,307271080
674,Suzanne's Diary for Nicholas,James Patterson,446611085
675,Firestarter,Stephen King,451167805
676,Entwined with You,Sylvia Day,425263924
677,"Born to Run: A Hidden Tribe, Superathletes, and the Greatest Race the World Has Never Seen",Christopher McDougall,307266303
678,The Storied Life of A.J. Fikry,Gabrielle Zevin,1616203218
679,Mad About Madeline,Ludwig Bemelmans,590133373
680,Think and Grow Rich,Napoleon Hill,1585424331
681,Little House In The Big Woods,"Laura Ingalls Wilder, Garth Williams",60885378
682,Jonathan Strange & Mr Norrell,Susanna Clarke,765356155
683,A Bend in the Road,Nicholas Sparks,446696137
684,The House of Hades,Rick Riordan,1423146727
685,Gone,Michael  Grant,61448761
686,The Wedding,Nicholas Sparks,446615862
687,1776,David McCullough,743226720
688,Under the Banner of Heaven: A Story of Violent Faith,Jon Krakauer,330419129
689,Beautiful Ruins,Jess Walter,61928127
690,The Audacity of Hope: Thoughts on Reclaiming the American Dream,Barack Obama,307237699
691,On Writing: A Memoir of the Craft,Stephen King,743455967
692,Firefly Lane,Kristin Hannah,312364083
693,Sphere,Michael Crichton,345418972
694,Love the One You're With,Emily Giffin,312348673
695,The Silkworm,"Robert Galbraith, J.K. Rowling",316206873
696,The Vampire Lestat,Anne Rice,345476883
697,State of Wonder,Ann Patchett,62049801
698,The Silver Linings Playbook,Matthew Quick,374533571
699,Vingt Mille Lieues Sous les Mers,"Jules Verne, Anthony Bonner",076072850X
700,The Constant Princess,Philippa Gregory,743272498
701,Mrs Dalloway,"Virginia Woolf, Maureen Howard",151009988
702,Hundraåringen som klev ut genom fönstret och försvann,"Jonas Jonasson, Rod Bradbury",1843913720
703,Bag of Bones,Stephen King,067102423X
704,The Cider House Rules,John Irving,786226749
705,Thinner,"Richard Bachman, Stephen King",451190750
706,Le tour du monde en quatre-vingts jours,"Jules Verne, Michael Glencross, Brian W. Aldiss",014044906X
707,Walk Two Moons,Sharon Creech,60739495
708,Onze minutos,"Paulo Coelho, Margaret Jull Costa",60589280
709,Nine Stories,J.D. Salinger,316767727
710,"Julie & Julia: 365 Days, 524 Recipes, 1 Tiny Apartment Kitchen",Julie Powell,031610969X
711,Unwind,Neal Shusterman,1416912045
712,"Drums of Autumn (Outlander, #4)",Diana Gabaldon,385335989
713,Prodigy,Marie Lu,399256768
714,The Tragedie of King Lear,William Shakespeare,074348276X
715,Death of a Salesman,Arthur Miller,435233076
716,The Choice,Nicholas Sparks,446579920
717,,Kate Egan,545422906
718,The Sound and the Fury,William Faulkner,
719,A New Earth: Awakening to Your Life's Purpose,Eckhart Tolle,452287588
720,BLEACH―ブリーチ―　1,Tite Kubo,1591164419
721,,Allie Brosh,1451666179
722,The Shadow Rising ,Robert Jordan,812513738
723,Shantaram,Gregory David Roberts,192076920X
724,From Dead to Worse,Charlaine Harris,441015891
725,The Waste Lands,"Stephen King, Ned Dameron",670032565
726,The Bone Collector,Jeffery Deaver,451188454
727,Der Vorleser,"Bernhard Schlink, Carol Brown Janeway",375408266
728,"Brown Bear, Brown Bear, What Do You See?","Bill Martin Jr., Eric Carle",805047905
729,Hyperion,Dan Simmons,553283685
730,The Pearl of the World,John Steinbeck,142000698
731,The Exorcist,William Peter Blatty,61007226
732,The Short Second Life of Bree Tanner,Stephenie Meyer,031612558X
733,Snow Falling on Cedars,David Guterson,067976402X
734,Roots,Alex Haley,440174643
735,Batman: The Killing Joke ,"Alan Moore, Brian Bolland, Tim Sale",930289455
736,Invisible Man,Ralph Ellison,679732764
737,A Long Way Gone. Memoirs of a Boy Soldier,Ishmael Beah,374105235
738,Mrs. Frisby and the Rats of NIMH,Robert C. O'Brien,689862202
739,Different Seasons,Stephen King,751514624
740,The Little House Collection,"Laura Ingalls Wilder, Garth Williams",60529962
741,The Girls' Guide to Hunting and Fishing,Melissa Bank,143035479
742,Wool Omnibus,Hugh Howey,
743,"Lamb: The Gospel According to Biff, Christ's Childhood Pal",Christopher Moore,380813815
744,The Power of Now,Eckhart Tolle,1577314808
745,Let's Pretend This Never Happened (A Mostly True Memoir),Jenny  Lawson,399159010
746,The Lies of Locke Lamora,Scott Lynch,553804677
747,Sabriel,Garth Nix,64471837
748,Dead and Gone,Charlaine Harris,441017150
749,The Storyteller,Jodi Picoult,1439102767
750,Obsidian,Jennifer L. Armentrout,1620610078
751,"Life, the Universe and Everything",Douglas Adams,345418905
752,Crown of Midnight,Sarah J. Maas,1619630621
753,"Scott Pilgrim, Volume 1: Scott Pilgrim's Precious Little Life",Bryan Lee O'Malley,1932664084
754,Half Broke Horses: A True Life Novel,Jeannette Walls,1416586288
755,Mort,Terry Pratchett,61020680
756,"The Iron King (The Iron Fey, #1) ",Julie Kagawa,373210086
757,Lonesome Dove,Larry McMurtry,067168390X
758,Stiff: The Curious Lives of Human Cadavers,Mary Roach,393324826
759,Bloodlines,Richelle Mead,1595143173
760,Ender's Shadow,Orson Scott Card,765342405
761,Twenties Girl,Sophie Kinsella,385342020
762,Schindler's Ark,Thomas Keneally,340606517
763,The Bluest Eye,Toni Morrison,452287065
764,The White Queen,Philippa Gregory,1416563687
765,The Autobiography of Malcolm X,"Malcolm X, Alex Haley",345350685
766,Preludes & Nocturnes,"Neil Gaiman, Sam Kieth, Mike Dringenberg, Malcolm Jones III, Todd Klein, Karen  Berger",1563892278
767,Seabiscuit,Laura Hillenbrand,345465083
768,Shutter Island,Dennis Lehane,038073186X
769,The Complete Sherlock Holmes,Arthur Conan Doyle,553328255
770,The Tragedy of Julius Caesar,"William Shakespeare, Roma Gill",198320272
771,"In the Garden of Beasts: Love, Terror, and an American Family in Hitler's Berlin",Erik Larson,307408841
772,Πολιτεία,"Plato, Desmond Lee",140449140
773,The Taming of the Shrew,William Shakespeare,074347757X
774,Cress,Marissa Meyer,312642970
775,Just Kids,Patti Smith,006621131X
776,,Phaidon Press,714836257
777,Jemima J,Jane Green,767905180
778,Notre-Dame de Paris,"Victor Hugo, Walter J. Cobb",451527887
779,A Fine Balance,Rohinton Mistry,140003065X
780,Calvin and Hobbes,"Bill Watterson, G.B. Trudeau",836220889
781,Specials,Scott Westerfeld,689865406
782,The Awakening,Kate Chopin,543898083
783,Hunted,"P.C. Cast, Kristin Cast",031237982X
784,For One More Day,Mitch Albom,1401303277
785,Clear and Present Danger,Tom Clancy,425144372
786,Falling Up,Shel Silverstein,60513098
787,Sh*t My Dad Says,Justin Halpern,61992704
788,Trainspotting,"Irvine Welsh, Eric Lindor Fall",2020336464
789,Foundation and Empire,Isaac Asimov,553803727
790,"The Four Agreements: A Practical Guide to Personal Freedom, A Toltec Wisdom Book",Miguel Ruiz,1878424505
791,House Rules,Jodi Picoult,743296435
792,Brüder Grimm: Kinder- und Hausmärchen,"Jacob Grimm, Wilhelm Grimm, Josef Scharl, Padraic Colum, Joseph Campbell, Margaret Raine Hunt, James Stern",394709306
793,From the Mixed-Up Files of Mrs. Basil E. Frankweiler,E.L. Konigsburg,744583276
794,Doctor Sleep,Stephen King,1476727651
795,About a Boy,Nick Hornby,140285679
796,On Dublin Street,Samantha Young,
797,Crazy Love: Overwhelmed by a Relentless God,"Francis Chan, Danae Yankoski, Chris Tomlin",1434768511
798,"One Fish, Two Fish, Red Fish, Blue Fish",Dr. Seuss,7173687
799,Watchers,Dean Koontz,
800,The Story of My Life,Helen Keller,553213873
801,This Is Where I Leave You,Jonathan Tropper,052595127X
802,Abraham Lincoln: Vampire Hunter,Seth Grahame-Smith,446563080
803,フルーツバスケット 1,"Natsuki Takaya, Alethea Nibley, Athena Nibley",1591826039
804,The Tempest,William Shakespeare,743482832
805,Burned: A House of Night Novel,"P.C. Cast, Kristin Cast",1905654944
806,Wizard and Glass,"Stephen King, Dave McKean",340829788
807,The Circle,Dave Eggers,385351399
808,The Invention of Hugo Cabret,Brian Selznick,439813786
809,Brave New World/Brave New World Revisited,"Aldous Huxley, Christopher Hitchens",60776099
810,桜蘭高校ホスト部 1,Bisco Hatori,1591169151
811,The Good Girl,Mary Kubica,778316556
812,"Fallen Too Far (Too Far, #1)",Abbi Glines,
813,Landline,Rainbow Rowell,1250049377
814,Tempted,"P.C. Cast, Kristin Cast",1905654588
815,No Country for Old Men,Cormac McCarthy,375706674
816,Wolf Hall,Hilary Mantel,7230206
817,Howl's Moving Castle,Diana Wynne Jones,006441034X
818,Dreamcatcher,"Stephen King, William Olivier Desmond",2226131906
819,Walden; or Life in the Woods,Henry David Thoreau,691096120
820,The Remains of the Day,Kazuo Ishiguro,571225381
821,The Best of Me,Nicholas Sparks,446547654
822,The Sense of an Ending,Julian Barnes,224094157
823,A is for Alibi,Sue Grafton,312938993
824,Οἰδίπους Τύραννος,"Sophocles, J.E. Thomas",1580495931
825,Shanghai Girls,Lisa See,1400067111
826,The Wind in the Willows,"Kenneth Grahame, Gillian Avery",143039091
827,To All the Boys I've Loved Before,Jenny Han,
828,Persepolis,"Marjane Satrapi, Mattias Ripa",037571457X
829,A Room with a View,E.M. Forster,1420925431
830,The DUFF: Designated Ugly Fat Friend,Kody Keplinger,316084239
831,Lock and Key,Sarah Dessen,067001088X
832,Naked in Death,J.D. Robb,399151575
833,The Chamber,John Grisham,385339666
834,Midnight Sun (Partial Draft),Stephenie Meyer,
835,NARUTO -ナルト- 巻ノ一 ,"Masashi Kishimoto, Katy Bridges",1569319006
836,The Unlikely Pilgrimage of Harold Fry,Rachel Joyce,812993292
837,Every Day,David Levithan,307931889
838,Xenocide,Orson Scott Card,312861877
839,The Merchant of Venice,"William Shakespeare, Robert          Jackson, Barbara A. Mowat, Paul Werstine",743477561
840,Shōgun,James Clavell,440178002
841,"Lover Awakened (Black Dagger Brotherhood, #3)",J.R. Ward,451219368
842,A Court of Thorns and Roses,Sarah J. Maas,1619634449
843,,E.L. James,345803574
844,Chicka Chicka Boom Boom,"Bill Martin Jr., John Archambault, Lois Ehlert",068983568X
845,Smile,Raina Telgemeier,545132053
846, Animal Farm & 1984,"George Orwell, Christopher Hitchens",151010269
847,The Deep End of the Ocean,Jacquelyn Mitchard,140286276
848,The Bonesetter's Daughter,Amy Tan,345457374
849,"Angus, Thongs and Full-Frontal Snogging",Louise Rennison,60288140
850,Mr. Penumbra's 24-Hour Bookstore,Robin Sloan,374214913
851,Flowers in the Attic,V.C. Andrews,743496310
852,When Breath Becomes Air,"Paul Kalanithi, Abraham Verghese",
853,Maniac Magee,Jerry Spinelli,590452037
854,Invisible Monsters,Chuck Palahniuk,99285444
855,"Twelfth Night; or, What You Will",William Shakespeare,743482778
856,Gathering Blue,Lois Lowry,385732562
857,The Westing Game,Ellen Raskin,014240120X
858,Red Rising,Pierce Brown,345539788
859,The Way of Shadows,Brent Weeks,316033677
860,The Bean Trees,Barbara Kingsolver,812474945
861,Walking Disaster,Jamie McGuire,1476712980
862,Words of Radiance,Brandon Sanderson,765326361
863,Guess How Much I Love You,"Sam McBratney, Anita Jeram",076360013X
864,The Fiery Cross,Diana Gabaldon,440221668
865,Night Shift,"Stephen King, John D. MacDonald",450042685
866,Jaws,Peter Benchley,1400064562
867,The History of Love,Nicole Krauss,393328627
868,Pippi Långstrump,"Astrid Lindgren, Lauren Child, Florence Lamborn, Nancy Seligsohn",142402494
869,L'élégance du hérisson,"Muriel Barbery, Alison Anderson",1933372605
870,Team of Rivals: The Political Genius of Abraham Lincoln,"Doris Kearns Goodwin, Suzanne Toren",743270754
871,Dead in the Family,Charlaine Harris,441018645
872,La peste,"Albert Camus, Stuart Gilbert",679720219
873,The Reptile Room,"Lemony Snicket, Brett Helquist",439206480
874,Brain on Fire,Susannah Cahalan,145162137X
875,Wicked Lovely ,Melissa Marr,61214655
876,Curious George,H.A. Rey,039515023X
877,Die unendliche Geschichte,"Michael Ende, Ralph Manheim, Roswitha Quadflieg",525457585
878,A Beautiful Mind,Sylvia Nasar,571212921
879,The Jungle,"Upton Sinclair, Earl Lee, Kathleen DeGrave",1884365302
880,The Summoning,Kelley Armstrong,61662690
881,The Man Who Mistook His Wife for a Hat and Other Clinical Tales,Oliver Sacks,684853949
882,Storm Island,Ken Follett,006074815X
883,The Blind Assassin,Margaret Atwood,1860498809
884,Hollow City,Ransom Riggs,1594747350
885,House of Sand and Fog,Andre Dubus III,375727345
886,The Girl with All the Gifts,M.R. Carey,356500152
887,As I Lay Dying,William Faulkner,067973225X
888,Harold and the Purple Crayon,Crockett Johnson,747532036
889,"Lover Eternal (Black Dagger Brotherhood, #2)",J.R. Ward,451218043
890,,Isaac Asimov,553803735
891,Fool Moon ,Jim Butcher,451458125
892,David and Goliath,Malcolm Gladwell,316204366
893,鋼の錬金術師 1,"Hiromu Arakawa, Akira Watanabe",1591169208
894,Guards! Guards!,Terry Pratchett,61020648
895,The Year of Magical Thinking,Joan Didion,1400078431
896,We Need to Talk About Kevin,Lionel Shriver,006112429X
897,Rendezvous with Rama,Arthur C. Clarke,1857231589
898,The Queen of the Damned,Anne Rice,345419626
899,The Age of Innocence,"Edith Wharton, Maureen Howard",159308143X
900,The Selfish Gene,Richard Dawkins,199291152
901,Year of Wonders: A Novel of the Plague,Geraldine Brooks,142001430
902,The Black Echo,Michael Connelly,446612731
903,Anthem,Ayn Rand,452281253
904,Gabriel's Inferno,Sylvain Reynard,1936305623
905,Cloudy with a Chance of Meatballs,"Judi Barrett, Ron Barrett",689707495
906,Major Pettigrew's Last Stand,Helen Simonson,1400068932
907,Vision in White,Nora Roberts,425227510
908,The Tenth Circle,Jodi Picoult,074349671X
909,The Throne of Fire,Rick Riordan,1423140567
910,Old Man's War,John Scalzi,765348276
911,Gerald's Game,Stephen King,831727527
912,Two for the Dough,Janet Evanovich,140255559
913,The Joy of Cooking,"Irma S. Rombauer, Marion Rombauer Becker, Ethan Becker",684818701
914,The Forever War,Joe Haldeman,60510862
915,Insomnia,"Stephen King, Bettina Blanch Tyroller",8497597729
916,Reading Lolita in Tehran: A Memoir in Books,Azar Nafisi,812971060
917,The Blade Itself,Joe Abercrombie,575079797
918,The Arctic Incident,Eoin Colfer,786851473
919,The Shipping News,Annie Proulx,743225422
920,人生がときめく片づけの魔法,"Marie Kondō, Cathy Hirano",1607747308
921,All the Bright Places,"Jennifer Niven, فرانک معنوی",385755880
922,Déjà Dead,Kathy Reichs,671011367
923,The Alchemyst: The Secrets of The Immortal Nicholas Flamel,Michael Scott,552562521
924,The Marriage Plot,Jeffrey Eugenides,374203059
925,Hija de la fortuna,"Isabel Allende, Margaret Sayers Peden",61120251
926,Luckiest Girl Alive,Jessica Knoll,1476789630
927,"Crank (Crank, #1)",Ellen Hopkins,689865198
928,The Raven Boys,Maggie Stiefvater,545424925
929,I Am Legend and Other Stories,Richard Matheson,031286504X
930,Olive Kitteridge,Elizabeth Strout,140006208X
931,Not that Kind of Girl,"Lena Dunham, Joana Avillez",081299499X
932,Good to Great: Why Some Companies Make the Leap... and Others Don't,James C. Collins,66620996
933,Fire,Kristin Cashore,803734611
934,En attendant Godot,Samuel Beckett,
935,White Fang,Jack London,439236193
936,Wolves of the Calla,"Stephen King, Bernie Wrightson",141651693X
937,His Dark Materials,Philip Pullman,440238609
938,The Edge of Never,J.A. Redmerski,1480095532
939,Reconstructing Amelia,Kimberly McCreight,006222543X
940,The One Plus One,Jojo Moyes,525426582
941,The Hours,Michael Cunningham,312305060
942,Wallbanger,Alice Clayton,1623420024
943,Holidays on Ice,David Sedaris,316191299
944,Desperation,Stephen King,451188462
945,Passion,Lauren Kate,385739168
946,The Kill Order,James Dashner,385742886
947,Angelfall,Susan Ee,144477851X
948,Empire Falls,Richard Russo,375726403
949,The Fires of Heaven,Robert Jordan,1857232097
950,I'll Give You the Sun,Jandy Nelson,803734964
951,Survivor,Chuck Palahniuk,009928264X
952,Shopaholic and Baby,Sophie Kinsella,385338708
953,The Dark Tower,Stephen King,1416524525
954,Twilight Director's Notebook,Catherine Hardwicke,316070521
955,Shopaholic Abroad,Sophie Kinsella,440241812
956,"Surely You're Joking, Mr. Feynman! Adventures of a Curious Character",Richard Feynman,393316041
957,Linger,Maggie Stiefvater,545123283
958,The Complete Anne of Green Gables Boxed Set,L.M. Montgomery,553609416
959,A Portrait of the Artist as a Young Man,"James Joyce, Seamus Deane",142437344
960,The Gathering Storm,"Robert Jordan, Brandon Sanderson",765302306
961,Middlemarch,"George Eliot, Michel Faber",451529170
962,Point of Retreat,Colleen Hoover,
963,The Partner,John Grisham,385339100
964,The Hobbit and The Lord of the Rings,J.R.R. Tolkien,345538374
965,Thoughtless,S.C. Stephens,146109111X
966,Presumed Innocent,Scott Turow,446350982
967,The Dark Half,Stephen King,045052468X
968,Cleopatra: A Life,Stacy Schiff,316001929
969,The World Is Flat: A Brief History of the Twenty-first Century,Thomas L. Friedman,374292795
970,Steelheart,Brandon Sanderson,385743564
971,,"Marcus Pfister, J. Alison James",1558580093
972,Voyage au centre de la Terre,Jules Verne,553213970
973,The Happiness Project,Gretchen Rubin,61583251
974,The Man in the High Castle,Philip K. Dick,679740678
975,Helter Skelter: The True Story of The Manson Murders,"Vincent Bugliosi, Curt Gentry",393322238
976,,"Robert Kapilow, Dr. Seuss",793551617
977,Inferno,"Dante Alighieri, Anthony M. Esolen",812970063
978,Shadow of Night,Deborah Harkness,670023485
979,Leaving Time,Jodi Picoult,345544927
980,Moon Called,Patricia Briggs,441013813
981,Blue Bloods,Melissa de la Cruz,786838922
982,The Alienist,Caleb Carr,812976142
983,Between the World and Me,Ta-Nehisi Coates,812993543
984,Paradise Lost,"John Milton, John      Leonard",140424393
985,The Big Short: Inside the Doomsday Machine,Michael   Lewis,393072231
986,The Girl Who Loved Tom Gordon,Stephen King,1416524290
987, A Monster Calls ,"Patrick Ness, Jim Kay, Siobhan Dowd",1406311529
988,Towers of Midnight,"Robert Jordan, Brandon Sanderson",765325942
989,The Day of the Jackal,Frederick Forsyth,553266306
990,Rework,"Jason Fried, David Heinemeier Hansson",307463745
991,Attachments,Rainbow Rowell,525951989
992,The Twilight Saga,"Stephenie Meyer, Ilyana Kadushin, Matt Walters",739352350
993,Tell the Wolves I'm Home,Carol Rifka Brunt,679644199
994,All Creatures Great And Small,James Herriot,312965788
995,The Unbecoming of Mara Dyer,Michelle Hodkin,
996,Three to Get Deadly,Janet Evanovich,312966091
997,The Scarlet Pimpernel,Emmuska Orczy,1576469239
998,The Monster at the End of This Book,"Jon Stone, Michael J. Smollin",037582913X
999,Tales of a Fourth Grade Nothing,Judy Blume,425193799
1000,Shadow and Bone,Leigh Bardugo,805094598